CGPA,Aptitude_Score,Communication_Score,Internships,Projects,Attendance_Percentage,Placed
8.48,35,88,1,4,60,1
6.97,53,64,2,0,83,1
8.86,66,95,3,1,90,0
8.14,91,81,1,2,82,1
5.42,80,74,0,3,75,1
9.39,82,90,3,0,93,1
8.43,68,66,0,2,75,0
8.54,41,78,2,0,89,1
5.58,58,52,0,3,79,1
7.03,95,93,0,3,61,1
6.67,37,73,3,2,81,1
9.17,88,82,0,1,62,0
7.9,76,63,2,0,98,1
8.7,52,87,2,4,84,1
7.0,82,39,0,3,75,1
6.02,86,41,0,1,79,1
7.5,37,65,3,2,85,1
5.29,41,79,2,3,70,1
8.72,75,84,0,3,71,1
7.84,95,61,3,2,77,0
8.41,36,74,1,1,70,1
6.6,75,68,0,3,91,1
9.37,43,93,3,3,64,1
9.02,74,74,0,2,93,1
8.5,73,60,2,0,74,1
5.88,40,94,3,2,83,1
7.1,76,41,2,3,66,1
5.2,89,95,2,4,75,1
5.69,87,44,1,2,90,1
8.07,36,52,0,1,71,1
8.35,50,85,2,2,65,1
9.35,49,79,3,0,81,1
6.47,62,94,0,0,66,1
6.67,43,80,3,3,72,1
7.11,87,73,1,4,78,1
5.85,82,56,2,4,83,0
5.58,84,35,0,2,86,1
7.14,47,42,2,0,87,1
6.02,35,53,0,4,94,1
8.01,90,37,1,2,62,0
6.97,52,65,2,1,74,1
8.75,75,82,0,4,60,1
8.15,90,93,1,3,60,1
6.41,37,64,2,3,68,1
8.75,35,88,0,1,84,1
8.62,35,95,1,4,96,1
6.74,44,87,1,2,91,1
6.3,38,63,2,2,86,1
8.07,85,54,3,3,91,1
5.63,71,94,3,3,67,1
5.9,94,49,0,0,94,1
5.03,83,60,0,1,96,1
8.54,93,39,0,1,63,1
7.99,49,83,2,4,79,1
8.17,52,74,0,3,94,1
8.51,86,40,0,1,79,1
7.07,49,48,3,3,94,1
7.56,38,68,3,3,98,1
5.63,75,67,3,1,79,1
5.52,83,83,1,2,62,1
8.01,94,51,2,4,73,1
7.12,91,91,2,2,68,1
7.54,42,62,0,0,79,1
8.44,82,85,2,3,84,1
7.86,86,49,2,2,79,1
7.49,77,37,1,2,68,1
7.52,85,38,3,3,72,1
6.37,86,57,2,4,87,1
5.14,62,93,2,1,61,1
6.97,37,37,2,2,68,1
5.97,62,57,3,0,96,1
6.84,47,41,2,3,64,1
8.84,41,91,1,2,77,1
6.05,42,76,3,1,68,1
5.26,77,81,2,3,64,1
6.27,65,78,3,2,77,1
6.32,67,75,0,2,81,1
7.98,80,82,1,2,67,0
7.51,68,35,3,1,63,1
8.53,73,87,2,0,65,1
7.99,40,80,3,4,86,1
6.83,86,80,0,0,95,1
8.66,62,58,0,1,67,1
5.75,44,83,3,3,73,1
5.1,84,58,1,0,74,1
5.41,79,37,2,3,74,1
8.25,38,90,1,3,70,0
7.08,46,49,1,3,62,1
5.73,35,41,3,1,81,1
7.25,51,72,0,0,74,1
5.69,41,49,3,4,74,1
8.13,78,87,3,1,70,1
7.01,66,62,2,4,98,1
6.71,94,35,1,0,85,1
6.36,80,93,0,0,77,1
7.84,72,66,2,3,68,1
6.63,66,51,1,4,92,1
5.39,38,76,0,4,96,1
5.53,39,67,1,3,61,1
9.33,72,36,3,1,98,1
9.09,35,81,1,4,88,1
8.15,37,59,0,3,64,0
6.2,48,77,2,0,90,1
9.36,88,89,0,0,64,1
8.5,62,72,3,4,62,1
8.23,78,75,3,1,64,1
7.02,60,50,3,3,78,1
6.23,45,49,3,0,85,1
5.43,57,60,0,1,76,1
9.06,40,87,0,1,65,1
7.05,81,66,1,1,68,1
5.91,46,56,1,3,94,1
6.38,57,82,3,4,99,1
7.61,94,87,2,4,90,1
5.8,71,90,2,3,64,1
8.85,62,53,3,1,93,1
8.41,68,78,2,4,88,1
8.24,82,71,1,2,81,0
6.94,50,62,1,2,65,1
7.82,73,59,2,3,100,1
7.63,88,41,0,3,78,1
7.92,69,51,2,4,61,1
5.38,62,68,2,2,68,1
6.87,43,89,2,3,76,1
5.19,50,87,2,3,62,1
7.22,92,46,3,1,73,1
6.48,68,76,3,1,79,1
5.65,53,40,2,3,98,1
5.47,60,76,1,0,63,1
7.64,70,55,0,1,83,1
5.77,67,62,3,3,97,1
9.16,77,78,3,4,93,1
7.61,50,60,2,2,97,1
6.56,74,84,3,1,66,1
7.66,62,67,3,2,92,1
5.1,92,95,3,3,100,1
9.31,44,73,2,2,73,1
7.17,44,53,0,0,80,1
8.52,63,82,0,2,81,1
5.37,66,59,0,2,80,1
7.19,77,67,1,3,71,1
7.21,59,43,2,4,99,1
9.22,90,42,1,4,99,1
7.57,63,70,0,3,75,1
7.13,42,46,0,1,93,1
6.2,42,95,3,2,76,1
6.49,94,87,3,0,92,1
7.34,43,77,1,4,83,1
6.98,92,79,3,4,79,1
5.1,51,71,2,4,65,1
8.72,40,38,3,1,86,1
9.03,53,58,3,1,73,1
5.63,72,65,2,4,68,1
7.49,61,90,1,2,67,1
5.49,82,48,2,3,100,1
8.03,72,65,1,2,64,1
6.27,59,55,1,2,92,1
7.97,73,43,2,3,95,1
8.27,94,41,2,4,61,1
8.46,60,57,2,1,84,1
5.48,44,40,1,4,83,0
9.12,59,39,1,1,74,1
6.04,86,56,0,2,87,1
5.17,48,47,2,4,76,1
7.5,92,68,2,4,78,1
6.67,70,36,3,4,77,1
8.73,71,53,2,1,92,1
8.64,54,62,1,4,85,1
6.43,91,93,0,4,75,1
9.29,37,73,0,4,97,1
6.31,53,88,1,0,92,1
7.32,60,55,1,3,98,1
6.15,64,62,1,4,89,1
9.21,63,60,1,3,76,1
5.74,44,89,3,1,91,1
5.2,48,93,0,3,73,1
6.96,40,93,1,0,71,1
9.47,69,80,0,2,78,1
9.01,56,65,1,3,99,0
8.37,69,67,2,2,83,1
9.01,70,94,0,3,75,1
9.02,77,52,1,1,78,1
7.33,68,56,0,3,71,1
6.42,74,89,3,3,87,1
8.47,70,58,2,3,74,1
7.98,74,49,0,1,82,1
6.68,72,69,0,1,75,1
5.43,54,54,0,1,73,1
8.36,50,89,1,2,99,1
6.18,83,90,3,2,74,1
9.22,55,53,2,1,62,1
6.08,68,67,3,2,75,1
5.55,47,95,1,1,81,1
8.74,61,80,1,1,63,1
5.69,67,48,1,3,72,1
5.81,73,71,0,4,66,1
7.7,67,72,3,1,80,1
8.94,57,74,0,4,89,1
5.88,93,36,1,2,99,1
6.4,66,53,2,0,75,1
8.5,84,87,0,1,95,1
9.37,79,49,1,0,68,1
7.25,69,53,1,0,92,1
5.65,89,54,1,1,83,1
5.06,42,45,0,2,91,1
6.03,91,44,0,3,90,1
5.59,86,56,0,0,81,0
8.05,65,88,1,4,70,1
5.55,79,35,0,1,81,1
7.28,66,52,3,0,93,1
8.12,51,38,0,3,99,1
7.62,83,69,2,3,98,1
5.9,50,50,2,3,67,1
8.62,54,83,1,0,84,1
8.22,66,70,3,0,64,1
8.33,86,82,0,1,87,1
5.59,58,73,0,2,100,1
5.56,65,61,1,4,62,1
9.17,37,87,0,1,86,0
6.79,42,64,1,0,98,1
6.35,38,92,1,4,94,1
7.2,39,95,3,0,76,1
7.98,87,70,1,0,64,1
9.3,86,76,3,2,97,1
6.29,85,50,3,2,97,1
9.16,38,84,3,3,83,1
5.11,39,75,0,4,100,1
7.5,52,90,3,4,60,1
7.85,69,51,2,1,85,1
5.48,55,83,3,4,61,1
5.63,64,63,1,3,98,1
6.89,45,46,3,0,87,1
9.35,79,45,2,4,97,1
7.68,54,69,0,0,83,1
9.2,39,54,1,2,63,0
8.62,80,41,0,3,61,1
7.1,90,61,3,1,73,1
8.53,35,74,1,1,90,1
5.08,61,54,0,2,66,1
5.49,85,93,2,4,94,1
8.73,78,82,1,1,69,1
8.59,87,66,0,3,80,1
6.05,60,92,3,2,68,1
7.39,57,61,3,0,79,1
7.73,78,43,2,3,78,1
8.9,44,37,2,4,60,1
7.71,49,92,1,2,83,1
6.86,71,93,2,0,92,1
6.68,75,80,2,0,98,1
6.92,42,41,0,2,73,1
7.93,66,52,0,2,96,1
8.9,57,37,1,2,96,1
7.04,65,38,1,1,100,1
6.12,93,50,0,2,75,1
6.06,39,69,0,1,94,1
8.36,95,38,3,3,83,1
8.67,62,95,1,3,62,1
5.47,82,62,2,3,71,1
5.3,60,51,2,0,87,1
7.67,53,66,2,4,66,1
5.66,82,83,2,0,77,1
8.71,76,54,1,4,91,1
6.4,43,37,3,0,66,1
5.65,78,38,1,2,80,1
9.14,80,86,3,0,68,1
5.74,58,41,1,0,81,1
6.28,91,73,0,3,69,1
5.69,74,58,3,3,99,1
5.52,55,82,0,0,63,1
5.1,35,38,3,4,99,1
5.25,76,89,0,1,92,1
5.79,47,77,0,1,95,1
5.24,81,62,2,1,94,1
7.66,67,47,3,2,67,1
8.06,63,94,1,0,98,1
6.77,44,53,0,2,84,1
6.43,78,64,0,1,99,1
7.27,45,59,3,0,96,1
8.94,60,49,2,1,83,1
8.83,86,60,0,3,75,1
5.2,91,44,1,3,64,1
5.82,95,35,1,1,64,1
6.07,93,52,0,1,75,1
6.12,68,41,3,3,93,1
7.57,47,60,2,3,80,1
6.87,86,87,0,4,79,1
5.22,83,44,2,4,70,1
6.68,95,35,1,4,83,1
7.36,74,41,0,4,86,1
5.46,43,65,1,2,100,1
8.75,65,51,0,1,89,1
5.23,62,64,0,1,84,1
9.16,86,36,3,1,97,1
5.45,58,55,2,3,77,1
8.8,55,60,0,3,98,1
9.06,39,61,3,4,75,1
9.41,85,68,2,0,65,1
8.61,81,82,3,2,77,1
8.51,37,63,2,1,65,0
7.89,61,86,1,4,64,1
8.51,64,67,2,1,96,1
5.61,63,50,2,0,92,0
7.41,91,48,2,2,69,1
7.31,44,54,0,4,94,1
8.86,53,71,1,4,62,1
7.08,46,49,0,0,71,0
6.73,49,90,1,1,88,1
7.88,90,64,0,0,72,1
6.2,92,87,0,1,89,1
5.63,37,76,3,2,95,1
7.15,73,55,0,1,62,1
6.88,49,48,3,0,60,1
6.05,46,80,0,2,98,0
6.65,52,55,3,0,81,1
6.65,46,50,1,1,80,1
6.47,64,91,2,0,79,1
6.71,95,64,1,0,77,1
8.09,70,37,1,2,88,1
6.34,79,65,1,4,83,1
9.27,65,63,2,3,66,1
9.12,35,87,1,0,85,1
7.16,40,78,2,0,87,1
6.48,51,46,3,1,64,1
7.41,49,44,1,3,75,1
8.82,86,71,1,3,92,1
7.94,86,37,0,4,85,1
8.62,87,54,1,1,65,1
7.4,73,43,0,0,61,1
7.85,68,36,0,0,83,1
6.3,74,91,3,0,78,1
8.31,59,40,0,0,99,1
5.91,75,35,1,4,81,1
8.13,83,91,3,1,98,1
8.87,81,46,3,4,68,1
5.59,72,84,0,2,78,1
7.76,38,36,0,2,65,1
5.43,79,44,1,2,83,1
8.27,57,41,2,4,67,1
5.38,80,78,3,0,80,1
9.21,67,72,0,0,74,1
5.62,88,64,0,2,67,1
9.31,55,49,1,1,63,1
8.6,91,40,3,2,80,1
7.67,86,69,0,3,98,0
8.52,55,49,1,2,68,1
8.58,64,71,0,1,76,1
9.26,67,76,0,1,69,1
6.14,81,86,3,3,93,1
7.66,77,65,0,1,77,1
5.43,86,35,1,2,99,1
7.77,57,52,3,2,70,1
5.77,65,87,2,3,63,1
7.54,61,67,0,3,83,1
7.58,90,72,1,2,86,1
7.1,53,62,3,1,100,1
7.35,70,44,1,1,95,1
8.44,42,89,2,2,96,1
8.6,86,82,2,1,86,0
7.21,58,95,2,3,74,1
7.7,55,87,0,1,77,1
9.19,70,52,3,3,65,1
5.54,65,50,3,3,77,1
5.53,86,50,0,4,74,1
5.39,67,91,3,0,61,1
7.96,66,68,3,3,68,1
6.88,41,62,2,0,81,1
8.48,36,94,1,1,75,0
8.02,59,71,1,0,100,1
6.5,95,90,3,0,79,1
9.04,90,95,0,0,99,1
8.43,73,39,3,0,87,1
6.22,73,57,3,4,61,1
6.64,58,79,2,0,68,1
6.41,45,84,1,1,88,1
5.71,35,44,2,3,82,1
5.67,55,54,0,4,72,1
9.21,54,68,3,4,81,1
6.97,46,83,1,0,97,1
6.72,50,41,0,4,75,1
8.28,36,71,3,3,61,1
7.49,72,53,2,0,72,1
9.21,91,48,2,2,98,1
8.51,77,66,0,4,91,1
7.16,62,60,3,1,94,1
6.69,60,73,2,0,97,1
9.44,53,54,3,4,64,1
8.23,43,85,3,4,71,1
9.28,71,39,0,4,62,1
5.53,69,87,0,4,60,1
8.83,35,36,3,4,94,1
7.87,60,79,2,2,98,1
5.55,51,56,1,0,66,1
7.65,45,58,1,3,89,1
8.09,77,36,2,1,81,1
5.06,67,77,3,2,62,1
7.04,73,45,0,3,97,1
8.71,78,75,2,4,95,1
6.33,94,79,3,1,83,1
7.06,83,86,1,1,89,1
6.99,72,78,1,3,76,1
